run_id,pr_number,energy_j,change_cov,suite_size
12739722226,4426,30751.836000000003,0.9354838709677419,180
12739722226,4426,1000000030856.6791,1.0,183
