run_id,pr_number,energy_j,change_cov,suite_size
13087452614,4459,34219.68,0.9726027397260274,193
13087452614,4459,35004.687000000005,0.9863013698630136,198
13087452614,4459,36077.207,1.0,196
