run_id,pr_number,energy_j,change_cov,suite_size
15304107768,4599,32997.422999999995,0.9814814814814815,183
15304107768,4599,33479.19,1.0,181
