run_id,pr_number,energy_j,change_cov,suite_size
15370597168,4610,46252.361999999994,0.8432835820895522,237
15370597168,4610,47830.066000000006,0.8731343283582089,241
15370597168,4610,48063.708,0.9029850746268657,244
15370597168,4610,49865.991,0.9104477611940298,245
15370597168,4610,50722.248999999996,0.917910447761194,244
15370597168,4610,51174.591,0.9477611940298507,249
15370597168,4610,52312.458000000006,0.9552238805970149,248
15370597168,4610,54234.441000000006,0.9701492537313433,249
15370597168,4610,54885.833999999995,0.9850746268656716,257
