run_id,pr_number,energy_j,change_cov,suite_size
19826829974,4789,24617.725,0.9831460674157303,174
19826829974,4789,25357.964999999997,1.0,178
