run_id,pr_number,energy_j,change_cov,suite_size
12739112515,4426,7066.447,0.5483870967741935,53
12739112515,4426,7240.271000000001,0.9354838709677419,54
12739112515,4426,1000000007240.271,1.0,55
