run_id,pr_number,energy_j,change_cov,suite_size
12780909973,4438,9121.007000000001,0.9933774834437086,65
12780909973,4438,9752.1,1.0,66
