run_id,pr_number,energy_j,change_cov,suite_size
13018313485,4310,6998.369000000001,0.6073825503355704,53
13018313485,4310,7124.094000000001,1.0,54
