run_id,pr_number,energy_j,change_cov,suite_size
13255493073,4466,7912.1359999999995,0.5862068965517241,51
13255493073,4466,9097.062999999998,1.0,52
