run_id,pr_number,energy_j,change_cov,suite_size
13665138376,4490,7478.9349999999995,0.92,55
13665138376,4490,7598.843999999999,1.0,56
