run_id,pr_number,energy_j,change_cov,suite_size
13774788100,4481,8178.954,0.7647058823529411,63
13774788100,4481,8214.155999999999,0.9705882352941176,64
13774788100,4481,9104.658,1.0,65
