run_id,pr_number,energy_j,change_cov,suite_size
14245644924,4530,8323.498,0.3333333333333333,69
14245644924,4530,8432.047,0.6666666666666666,70
14245644924,4530,9101.005000000001,1.0,71
