run_id,pr_number,energy_j,change_cov,suite_size
14547202083,4550,6861.733,0.9523809523809523,54
14547202083,4550,6968.182000000001,1.0,55
