run_id,pr_number,energy_j,change_cov,suite_size
16006534090,4640,9961.285,0.8867924528301887,81
16006534090,4640,10119.885000000002,1.0,82
