run_id,pr_number,energy_j,change_cov,suite_size
19203035846,4766,9566.753,0.7692307692307693,60
19203035846,4766,10080.217,0.9230769230769231,60
19203035846,4766,11197.149,1.0,62
