run_id,pr_number,energy_j,change_cov,suite_size
19282916606,3764,6157.237999999999,0.9484536082474226,51
19282916606,3764,6208.843,1.0,51
