run_id,pr_number,energy_j,change_cov,suite_size
19934366200,4736,5826.478999999999,0.47474747474747475,46
19934366200,4736,5980.367,0.9797979797979798,48
19934366200,4736,6060.8189999999995,1.0,48
