run_id,pr_number,energy_j,change_cov,suite_size
13092170351,4459,102000000005188.5,0.9452054794520548,142
13092170351,4459,104000000004914.78,0.958904109589041,140
13092170351,4459,106000000005741.16,0.9726027397260274,147
13092170351,4459,107000000005379.6,0.9863013698630136,148
13092170351,4459,108000000005017.38,1.0,146
