run_id,pr_number,energy_j,change_cov,suite_size
13217567553,4467,105000000003382.9,0.7530864197530864,135
13217567553,4467,107000000003936.02,0.8024691358024691,138
13217567553,4467,108000000004313.19,0.8395061728395061,143
13217567553,4467,109000000002450.56,0.9259259259259259,133
13217567553,4467,112000000002825.73,1.0,137
