run_id,pr_number,energy_j,change_cov,suite_size
15361417504,4610,142000000005136.44,0.8880597014925373,179
15361417504,4610,146000000005103.75,0.8955223880597015,183
15361417504,4610,146000000005337.44,0.9253731343283582,185
15361417504,4610,148000000005071.9,0.9328358208955224,186
15361417504,4610,148000000005395.1,0.9402985074626866,188
15361417504,4610,154000000005426.06,0.9552238805970149,195
15361417504,4610,156000000004903.16,0.9701492537313433,193
15361417504,4610,157000000005044.66,0.9850746268656716,194
15361417504,4610,166000000005332.84,1.0,206
