run_id,pr_number,energy_j,change_cov,suite_size
15889717088,4634,163000000004307.62,0.9518900343642611,199
15889717088,4634,178000000004284.06,0.9656357388316151,215
15889717088,4634,188000000004345.66,0.9725085910652921,225
15889717088,4634,192000000004371.56,0.9759450171821306,229
15889717088,4634,194000000004567.0,0.9828178694158075,232
