run_id,pr_number,energy_j,change_cov,suite_size
12967615238,4182,6546.402,0.7272727272727273,51
12967615238,4182,6743.049,0.8636363636363636,52
12967615238,4182,6865.357,0.9090909090909091,53
12967615238,4182,6876.395,0.9545454545454546,53
12967615238,4182,6984.9169999999995,1.0,54
