run_id,pr_number,energy_j,change_cov,suite_size
13217635711,4467,8818.252,0.9506172839506173,69
13217635711,4467,8907.119999999999,1.0,69
