run_id,pr_number,energy_j,change_cov,suite_size
13669067907,4490,7478.9349999999995,0.92,55
13669067907,4490,7598.843999999999,1.0,56
