run_id,pr_number,energy_j,change_cov,suite_size
14080359555,4515,7266.028,0.9666666666666667,54
14080359555,4515,7426.673,0.9833333333333333,56
14080359555,4515,7515.384,1.0,56
