run_id,pr_number,energy_j,change_cov,suite_size
14335369216,4540,6248.865,0.7352941176470589,52
14335369216,4540,6293.763000000001,0.9117647058823529,51
14335369216,4540,6420.218000000001,1.0,52
