run_id,pr_number,energy_j,change_cov,suite_size
15686926590,4628,6684.923,0.8615384615384616,57
15686926590,4628,6841.656,0.9846153846153847,58
15686926590,4628,7067.293,1.0,59
