run_id,pr_number,energy_j,change_cov,suite_size
15849785449,4630,9273.817,0.940677966101695,65
15849785449,4630,9394.367,0.9915254237288136,66
15849785449,4630,9962.927,1.0,67
