run_id,pr_number,energy_j,change_cov,suite_size
15983879117,4637,9850.957,0.9719626168224299,71
15983879117,4637,9987.705,0.9906542056074766,72
15983879117,4637,10515.987000000001,1.0,73
