run_id,pr_number,energy_j,change_cov,suite_size
16471885382,4667,8791.332999999999,0.18181818181818182,56
16471885382,4667,9919.309,1.0,57
