run_id,pr_number,energy_j,change_cov,suite_size
16845203216,4686,5551.643,0.9285714285714286,42
16845203216,4686,5664.128000000001,1.0,43
