run_id,pr_number,energy_j,change_cov,suite_size
17381917122,4708,6977.686000000001,0.7058823529411765,49
17381917122,4708,7086.2080000000005,1.0,50
