run_id,pr_number,energy_j,change_cov,suite_size
17497134022,4711,9316.184000000001,0.8878504672897196,72
17497134022,4711,9384.87,0.9906542056074766,73
17497134022,4711,9642.368999999999,1.0,74
