run_id,pr_number,energy_j,change_cov,suite_size
18999421391,4760,7870.3,0.8431372549019608,54
18999421391,4760,7982.785000000001,1.0,55
